Id,Timestamp,Version,Provider,Collection
5c70431f8993614009ab8e82,1550861050,1,corva,torque-and-drag.hookload-trend
Activity,hole_depth,is_extended
Rotary Drilling,15285.4,true

Id,hole_size,type,id
5c69dc29abb5a02442bc124b,8.75,DrillString,4


end_timestamp,start_timestamp
1550466923,1550445804
1550723003,1550722344

end_timestamp,start_timestamp
1550445803,1550441917
1550722343,1550719044

end_timestamp,start_timestamp
1550719043,1550466924
,1550723004
start_timestamp,end_timestamp
1550441917,1550861050


Curves Slack Off Casing Friction Factor,Curves Slack Off Openhole Friction Factor
0.15,0.1,

Curves Slack Off Measured Depth,Curves Slack Off Hookload
0,42
1095.4,70.64
2190.8,93.67
3286.2,116.98
4381.6,138.46
5477,159.77
6572.4,180.94
7667.8,201.86
8763.2,212.5
9858.6,209.28
10954,205.79
12049.4,203.17
13144.8,222.8
14240.2,238.64
15285.4,235.6
15335.6,235.45
16431,232.17
17526.4,229.57
18621.8,226.9
19717.2,224.21
20812.6,217.97
21908,192.14

Curves Slack Off Casing Friction Factor,Curves Slack Off Openhole Friction Factor
0.15,0.2,

Curves Slack Off Measured Depth,Curves Slack Off Hookload
0,42
1095.4,70.64
2190.8,93.67
3286.2,116.98
4381.6,138.46
5477,159.77
6572.4,180.94
7667.8,201.86
8763.2,211.02
9858.6,204.87
10954,198.01
12049.4,191.85
13144.8,207.92
14240.2,220.25
15285.4,213.64
15335.6,213.32
16431,206.27
17526.4,199.76
18621.8,193.21
19717.2,187
20812.6,176.74
21908,142.52

Curves Slack Off Casing Friction Factor,Curves Slack Off Openhole Friction Factor
0.15,0.3,

Curves Slack Off Measured Depth,Curves Slack Off Hookload
0,42
1095.4,70.64
2190.8,93.67
3286.2,116.98
4381.6,138.46
5477,159.77
6572.4,180.94
7667.8,201.86
8763.2,209.42
9858.6,199
10954,187.24
12049.4,176.26
13144.8,187.18
14240.2,194.21
15285.4,181.93
15335.6,181.34
16431,168.07
17526.4,155.08
18621.8,142.35
19717.2,129.24
20812.6,109.76
21908,60.46

Curves Slack Off Casing Friction Factor,Curves Slack Off Openhole Friction Factor
0.15,0.4,

Curves Slack Off Measured Depth,Curves Slack Off Hookload
0,42
1095.4,70.64
2190.8,93.67
3286.2,116.98
4381.6,138.46
5477,159.77
6572.4,180.94
7667.8,201.86
8763.2,207.67
9858.6,191
10954,172.74
12049.4,154.91
13144.8,158.15
14240.2,156.97
15285.4,135.64
15335.6,134.61
16431,111.06
17526.4,86.64
18621.8,60.39
19717.2,31.74
20812.6,-5.25
21908,-75.59

Curves Slack Off Casing Friction Factor,Curves Slack Off Openhole Friction Factor
0.15,0.5,

Curves Slack Off Measured Depth,Curves Slack Off Hookload
0,42
1095.4,70.64
2190.8,93.67
3286.2,116.98
4381.6,138.46
5477,159.77
6572.4,180.94
7667.8,201.86
8763.2,205.63
9858.6,180.51
10954,153.29
12049.4,125.57
13144.8,117.68
14240.2,103.26
15285.4,66.66
15335.6,64.86
16431,22.66
17526.4,-23.39
18621.8,-72.78
19717.2,-125.12
20812.6,-187.06
21908,-286.71


Curves Rotaryoff Bottom Casing Friction Factor,Curves Rotaryoff Bottom Openhole Friction Factor,flow_rate
0,0,597,

Curves Rotaryoff Bottom Measured Depth,Curves Rotaryoff Bottom Hookload,Curves Rotaryoff Bottom Torque
0,42,0
1095.4,69.96,0
2190.8,92.51,0
3286.2,115.97,0
4381.6,137.88,0
5477,159.8,0
6572.4,181.81,0
7667.8,203.86,0
8763.2,216.37,0
9858.6,214.98,0
10954,213.39,0
12049.4,212.62,0
13144.8,234.14,0
14240.2,252.27,0
15285.4,251.8,0
15335.6,251.79,0
16431,251.52,0
17526.4,251.34,0
18621.8,251.21,0
19717.2,251.12,0
20812.6,247.04,0
21908,223.52,0


Curves Pickup Casing Friction Factor,Curves Pickup Openhole Friction Factor
0.15,0.1,

Curves Pickup Measured Depth,Curves Pickup Hookload
0,42
1095.4,71.38
2190.8,95.49
3286.2,121.25
4381.6,145.6
5477,170.22
6572.4,195.22
7667.8,220.61
8763.2,237.09
9858.6,238.53
10954,240.08
12049.4,242.42
13144.8,267.77
14240.2,289.97
15285.4,293.28
15335.6,293.47
16431,297.72
17526.4,301.49
18621.8,305.49
19717.2,309.72
20812.6,308.92
21908,288.87

Curves Pickup Casing Friction Factor,Curves Pickup Openhole Friction Factor
0.15,0.2,

Curves Pickup Measured Depth,Curves Pickup Hookload
0,42
1095.4,71.38
2190.8,95.49
3286.2,121.25
4381.6,145.6
5477,170.22
6572.4,195.22
7667.8,220.61
8763.2,238.77
9858.6,242.74
10954,248.17
12049.4,255.11
13144.8,284.73
14240.2,311.43
15285.4,318.95
15335.6,319.35
16431,328.17
17526.4,336.59
18621.8,345.36
19717.2,354.42
20812.6,358.11
21908,345.84

Curves Pickup Casing Friction Factor,Curves Pickup Openhole Friction Factor
0.15,0.3,

Curves Pickup Measured Depth,Curves Pickup Hookload
0,42
1095.4,71.38
2190.8,95.49
3286.2,121.25
4381.6,145.6
5477,170.22
6572.4,195.22
7667.8,220.61
8763.2,240.51
9858.6,247.72
10954,259
12049.4,272.51
13144.8,308.01
14240.2,341.03
15285.4,354.66
15335.6,355.37
16431,370.99
17526.4,386.51
18621.8,402.62
19717.2,419.27
20812.6,430.24
21908,429.6

Curves Pickup Casing Friction Factor,Curves Pickup Openhole Friction Factor
0.15,0.4,

Curves Pickup Measured Depth,Curves Pickup Hookload
0,42
1095.4,71.38
2190.8,95.49
3286.2,121.25
4381.6,145.6
5477,170.22
6572.4,195.22
7667.8,220.61
8763.2,242.34
9858.6,254.65
10954,273.44
12049.4,295.87
13144.8,339.47
14240.2,381.53
15285.4,404.12
15335.6,405.28
16431,431.08
17526.4,457.46
18621.8,485.12
19717.2,513.96
20812.6,536.94
21908,554.23

Curves Pickup Casing Friction Factor,Curves Pickup Openhole Friction Factor
0.15,0.5,

Curves Pickup Measured Depth,Curves Pickup Hookload
0,42
1095.4,71.38
2190.8,95.49
3286.2,121.25
4381.6,145.6
5477,170.22
6572.4,195.22
7667.8,220.61
8763.2,244.31
9858.6,263.67
10954,292.38
12049.4,326.89
13144.8,381.7
14240.2,436.66
15285.4,472.29
15335.6,474.12
16431,515.22
17526.4,558.6
18621.8,604.61
19717.2,653.56
20812.6,697.72
21908,741.78



Pickup Timestamp,Pickup Measured Depth,Pickup Hookload,Pickup Torque,rotary_rpm,mud_flow_in,string_velocity
1550455210,5843,162.5,1.06,0,0,102
1550578672,8899.05,229.3,1.79,0,0,36
1550613064,9933.2,256.4,1.06,0,0,36
1550652715,10977.8,255.4,1.06,0,0,36
1550673955,11446.3,256.1,1.45,0,0,36
1550692829,12011.65,266.45,1.06,0,0,30
1550721449,12390.2,271.2,1.06,0,0,36
1550718489,12445.4,278.8,1.06,0,0,54
1550718023,12524.8,281.4,1.06,0,0,42
1550714644,12530.05,285.95,1.06,0,0,42
1550717856,12568.45,285.55,1.06,0,0,36
1550730273,12761.65,286.7,1.06,0,0,36
1550740566,12851,278.05,1.06,0,0,24
1550750919,13025.1,295.4,1.06,0,0,42
1550773177,13488.9,313.1,1.06,0,0,30
1550794071,14044.2,316.95,1.06,0,0,24
1550847699,14990,328.1,1.06,0,0,30

Wash Up Timestamp,Wash Up Measured Depth,Wash Up Hookload,Wash Up Torque,rotary_rpm,mud_flow_in,string_velocity
1550475971,7876.55,216.05,2.02,0,545.9,12
1550477807,7884.85,224.55,2.67,0,500.4,18
1550492518,7964.6,220.7,2.33,0,401.5,30
1550498515,8014.6,220.3,2.83,0,401.5,12
1550502557,8060.6,217.8,1.62,0,401.5,33
1550509780,8153.8,222.3,2.69,0,523.5,30
1550519142,8248.9,221,2.04,0,400.9,18
1550525815,8293.5,221.3,1.7,0,401.5,27
1550531098,8342.4,221.6,1.6,0,401.5,30
1550549115,8531.5,218.8,4.32,0,401.5,18
1550579918,8921.3,231.3,1.21,0,598.6,30
1550582364,8957.4,232.4,2.32,0,598.6,42
1550586926,9052.2,231.3,2.53,0,598.6,36
1550597718,9398.4,235.05,1.06,0,598.6,24
1550599586,9420.1,229.9,1.97,0,598.6,24
1550620545,10146.5,243.1,1.36,0,598.6,36
1550624487,10167.1,239.2,6.92,0,598,18
1550656563,11025,215.1,3.37,0,598,24
1550668311,11374,244.3,1.27,0,598,24
1550670498,11395.5,217.9,1.21,0,598.6,21
1550672526,11408.05,246.1,4.75,0,598.6,42
1550677907,11499.6,244.7,4.74,0,598,60
1550689337,11885.2,248.1,4.98,0,598,36
1550698083,12157.9,259.1,4.93,0,598,42
1550707180,12346.05,250.75,1.66,0,598,30
1550706679,12347.4,228,6.8,0,598,18
1550713496,12524.7,245.7,4.16,0,598,48
1550714390,12544.5,260.9,1.06,0,598,24
1550744912,12871.75,255.95,1.45,0,598,18
1550745775,12881.3,251.7,5.39,0,300,18
1550752255,13048.85,265.3,1.21,0,598,30
1550754729,13077.8,276.4,1.34,0,598,42
1550766800,13249.6,285.5,1.39,0,597.3,45
1550776815,13606.6,297.35,1.52,0,597.3,18
1550779680,13635.45,285.4,1.65,0,596.6,42
1550788643,13879.9,298.3,1.17,0,597.3,48
1550790413,13908.4,306.8,1.26,0,597.3,54
1550804225,14265.9,253.3,2.83,0,597.3,12
1550806151,14273.15,304.8,1.06,0,597.3,30
1550815855,14533.6,271.3,1.06,0,598,48
1550815819,14534.3,303.9,2.74,0.1,597.3,48
1550817658,14542.2,294.8,3.77,0,597.3,18
1550821450,14554.25,273.45,4.41,0,493.8,30
1550821118,14555.4,254.8,3.5,0,494.5,21
1550825978,14625.3,303.1,1.06,0,598,57
1550828887,14643.6,300.8,4.91,0,328.9,30
1550839668,14749.4,306.9,7.27,0,598,63
1550849204,15016.05,295.25,1.11,0,597.3,42
1550849166,15016.65,308.15,1.15,0,598,30
1550852971,15048.55,301.8,4.35,0,597.3,48

Slack Off Timestamp,Slack Off Measured Depth,Slack Off Hookload,Slack Off Torque,rotary_rpm,mud_flow_in,string_velocity
1550445063,376.25,63.15,1.06,0,0,150
1550445194,448.1,64.4,1.06,0,0,246
1550445328,533.15,65.4,1.06,0,0,246
1550445463,624.4,66.4,1.06,0,0,246
1550445592,716.75,67.8,1.06,0,0,246
1550445729,811.2,69,1.06,0,0,246
1550445863,904.65,70.4,1.06,0,0,246
1550445992,1001.7,71.9,1.06,0,0,246
1550446121,1095.9,73.45,1.06,0,0,246
1550446380,1283.55,75.35,1.06,0,0,246
1550446526,1381.45,76.7,1.06,0,0,246
1550446650,1472.45,78.4,1.06,0,0,246
1550447205,1544.3,80.6,1.06,0,0,159
1550447384,1673.8,82,1.06,0,0,246
1550447517,1768.5,83.8,1.06,0,0,246
1550447646,1862.65,85.35,1.06,0,0,246
1550447794,1956,86.25,1.06,0,0,246
1550448650,1998.6,101.8,1.06,0,0,36
1550449085,2016.8,102.6,1.06,0,0,72
1550449504,2073.65,103.65,1.06,0,0,156
1550449847,2114.5,105.3,1.06,0,0,60
1550450024,2629.4,105.7,1.06,0,0,201
1550450152,2718.2,106.6,1.06,0,0,204
1550450279,2811.65,107.85,1.06,0,0,204
1550450412,2906.75,109.2,1.06,0,0,204
1550450543,3001.6,110.45,1.06,0,0,204
1550450664,3094.8,111.3,1.06,0,0,210
1550450812,3188.6,112.25,1.06,0,0,228
1550450937,3284.65,113.6,1.06,0,0,222
1550451073,3378.8,114.4,1.06,0,0,222
1550451200,3469.5,115.7,1.06,0,0,219
1550451330,3567.9,116.85,1.06,0,0,228
1550451455,3662.6,117.95,1.06,0,0,216
1550451637,3757.55,119.6,1.06,0,0,222
1550451761,3850.9,120.25,1.06,0,0,228
1550451897,3945.3,122.1,1.06,0,0,198
1550452047,4039.2,123.1,1.06,0,0,186
1550452185,4133.25,124.3,1.06,0,0,174
1550452317,4224.45,125.7,1.06,0,0,156
1550452459,4326.3,126.7,1.06,0,0,126
1550452628,4418.95,128,1.06,0,0,96
1550452790,4507.3,129.6,1.06,0,0,111
1550452931,4605.4,130.7,1.06,0,0,159
1550453068,4707.55,132.6,1.06,0,0,204
1550453195,4801.6,132.75,1.06,0,0,228
1550453331,4895.3,134.1,1.06,0,0,222
1550453459,4989.5,134.8,1.06,0,0,225
1550453599,5083.35,136.6,1.06,0,0,216
1550453732,5179,137.65,1.06,0,0,216
1550453865,5269.9,138.6,1.06,0,0,225
1550454026,5364.8,139.7,1.06,0,0,228
1550454154,5460.1,140.85,1.06,0,0,228
1550454289,5555.9,142.1,1.06,0,0,213
1550454428,5651.1,143.55,1.06,0,0,216
1550454552,5728.05,144.2,1.06,0,0,180
1550454800,5768.2,145,1.06,0,0,108
1550454948,5784.3,146.4,1.06,0,0,45
1550455633,5826.9,147.65,1.06,0,0,30
1550455728,5838.5,143.7,1.06,0,0,36
1550455080,5843.9,147.5,1.06,0,0,150
1550456439,5859.7,161.9,1.06,0,0,78
1550456586,5878.5,163.5,1.06,0,0,30
1550457773,5926.5,164.55,1.06,0,0,156
1550457917,6024.8,165,1.06,0,0,204
1550458068,6120.65,166.2,1.06,0,0,204
1550458254,6216.1,167.3,1.06,0,0,210
1550458408,6313.55,167.55,1.06,0,0,198
1550458604,6408.4,169.3,1.06,0,0,204
1550458772,6488.9,170.6,1.06,0,0,168
1550458915,6595.8,171.9,1.06,0,0,204
1550459057,6690.7,173.6,1.06,0,0,201
1550459198,6782.3,174.8,1.06,0,0,180
1550459346,6878.6,174.85,1.06,0,0,198
1550459507,6970.65,176.5,1.06,0,0,198
1550459651,7063.1,178.35,1.06,0,0,174
1550459802,7162,178.5,1.06,0,0,150
1550459943,7254.35,179.15,1.06,0,0,174
1550460085,7342.1,181.3,1.06,0,0,159
1550460255,7438.1,182.05,1.06,0,0,168
1550460392,7534.1,182.85,1.06,0,0,192
1550460550,7639.2,184.1,1.06,0,0,159
1550461038,7680.2,195.2,1.06,0,0,18
1550465591,7731.3,200.35,1.06,0,0,60
1550465972,7778.4,202,1.06,0,0,33
1550578719,8897.75,199.6,1.7,0,0,42
1550613120,9937.95,195.6,1.06,0,0,30
1550628577,10320.3,199.9,1.06,0,0,36
1550652735,10983.95,189.2,1.06,0,0,36
1550673998,11446.8,190.1,1.45,0,0,30
1550692878,12013.9,182.7,1.06,0,0,24
1550722135,12438.9,184.1,1.06,0,0,72
1550715391,12526.9,193.9,1.06,0,0,36
1550715445,12537.7,189.3,1.06,0,0,24
1550722369,12540.8,184.6,1.06,0,0,96
1550730401,12762.15,203.5,1.06,0,0,24
1550740594,12851.3,210,1.06,0,0,24
1550750983,13016.55,194.5,1.06,0,0,30
1550751021,13032.05,196.8,1.06,0,0,30
1550755039,13070.8,230.8,2.14,0,0,36
1550773224,13495.3,196.5,1.06,0,0,24
1550794105,14045.45,221.8,1.06,0,0,30
1550814980,14526.85,211.75,1.06,0,0,24
1550847751,14989.3,206.6,1.06,0,0,24

Wash Down Timestamp,Wash Down Measured Depth,Wash Down Hookload,Wash Down Torque,rotary_rpm,mud_flow_in,string_velocity
1550492532,7964.3,201.7,2.04,0,401.5,36
1550525897,8292.7,203.8,1.36,0,401.5,18
1550531114,8341.6,204.7,1.24,0,401.5,33
1550580165,8921.4,207.6,1.84,0,598.6,12
1550585056,9032.7,205.3,1.11,0,598,36
1550597784,9398.8,205.2,1.06,0,598.6,24
1550620611,10149.15,192.65,1.84,0,598.6,24
1550670581,11393.2,184.6,1.21,0,598,12
1550676334,11473.2,187.3,1.16,0,598.6,12
1550687128,11848.75,181.35,1.16,0,598.3,18
1550687215,11852.4,177,1.75,0,598,18
1550696179,12129.45,184.8,1.16,0,598,30
1550705433,12332.65,188.3,1.4,0,598,18
1550752279,13049.3,199.9,1.22,0,598,21
1550752235,13050.35,205.35,1.24,0,598,18
1550752401,13058.9,195.35,2.58,0,597.3,12
1550788623,13879.3,206.1,1.17,0,597.3,30
1550788659,13879.45,214.1,1.16,0,597.3,42
1550788730,13887.5,195.7,1.16,0,597.3,12
1550804351,14262.85,209.65,1.89,0,597.3,6
1550806177,14278.1,206,1.06,0,597.3,18
1550815839,14534.15,209.25,1.06,0,598.3,30
1550815877,14535.8,204.5,1.06,0,598,24
1550821213,14553,251.45,4.6,0,493.8,6
1550825963,14630,215.8,1.06,0,597.3,30
1550849223,15014.65,210.2,1.11,0,597.7,36
1550849184,15017.45,220.4,1.13,0,597.3,30

Rotaryoff Bottom Timestamp,Rotaryoff Bottom Measured Depth,Rotaryoff Bottom Hookload,Rotaryoff Bottom Torque,rotary_rpm,mud_flow_in,string_velocity
1550466299,7780,212.85,6.92,60,552.5,0
1550468422,7803.85,215.9,7.66,60,553.1,6
1550470760,7828.4,208.8,5.9,60,593.4,0
1550470809,7829.9,209.4,5.65,60,592.7,0
1550470589,7830.1,208.6,5.89,60,592.7,0
1550519179,8248.6,211.75,4.43,9.6,401.5,0
1550574404,8814.9,211.6,8.72,60.3,401.5,0
1550574672,8818,207.5,7.04,40,402.2,0
1550578612,8906.9,208.2,6.48,40,545.9,0
1550579375,8909.6,216.7,6.66,80,598.6,0
1550582432,8946.5,218.3,9.62,80.2,598.6,0
1550582468,8951.4,218.8,8.62,80.4,598.6,0
1550584222,9003.7,216.8,6.47,80,598.6,0
1550590534,9155.3,218.7,6.44,79.9,348.9,0
1550592252,9192.8,216.7,6.69,80,598.6,0
1550594708,9287.2,219.55,6.27,80,598.6,0
1550597085,9381.9,219.4,6.24,80,598.6,0
1550601191,9476,218.95,6.66,80.1,598.6,0
1550603722,9570.1,219.6,7.05,80,598.6,0
1550606715,9664.3,217.7,6.79,80.1,598.6,0
1550608771,9758.6,213.1,6.27,79.9,598.6,0
1550609220,9758.9,218.3,6.67,80,598.6,0
1550611430,9853.1,215.4,7.09,80.1,598.6,0
1550613012,9944.8,215.7,6.06,30.1,598,0
1550615424,9946.9,217.5,7.09,80,598.6,0
1550618017,10041.4,217.9,6.58,80,598.6,0
1550624772,10156.7,216.7,8.95,80.4,598,0
1550624703,10160.2,220.4,18.81,70.3,598.3,0
1550626756,10229.7,217.5,7.17,80,598,0
1550629075,10323.9,215.85,6.76,80,598,0
1550631224,10366.2,214.2,9.53,80.4,598,0
1550632615,10420.7,216.6,7.34,80,598,0
1550635923,10454.6,216.5,8.16,80.1,598,0
1550642805,10702.4,213.9,6.88,79.9,598,0
1550648543,10796.7,213.2,8.97,80,597.6,0
1550652678,10985.1,210.8,7.04,30,598,0
1550654099,10987.9,210.2,7.66,79.8,598,0
1550654126,10988.8,213.2,7.35,80,598.6,0
1550660428,11081.4,215.9,7.86,80,598.6,0
1550658313,11081.7,216.9,6.97,79.9,598.6,0
1550665230,11270,209,7.35,80,592.7,0
1550665711,11271,211.4,7.91,80,592.7,0
1550667456,11364.8,206.25,5.07,30.2,574.2,0
1550667978,11365,211.5,7.17,79.9,598.6,0
1550667441,11365.1,203.4,7.27,79.9,592.7,0
1550668578,11370.5,209.4,4.23,29.7,598.6,0
1550672733,11411.3,212.7,9.49,80.3,598.6,0
1550675737,11460,212.5,7.52,80,598.6,0
1550679106,11554,207.3,6.35,37.1,582.8,0
1550686594,11838,210.8,8.19,80,598,0
1550689389,11876.8,221.5,12.3,79.6,598.6,0
1550689436,11883.45,211.25,9.05,80.1,598,6
1550691003,11932.8,211.5,8.79,79.9,598,0
1550693424,12026.7,210.4,8.88,79.8,598,0
1550698159,12143.9,216,10.74,80.1,598,0
1550698205,12154.4,215,10.58,80.3,598,0
1550702482,12212.5,217.8,8.14,79.9,598,0
1550699128,12212.6,212.1,2.24,11.9,598,0
1550704756,12305.6,214.5,9.14,80,598,0
1550707265,12336.7,217.7,8.76,80,598,0
1550707376,12349.5,214.25,10.5,80.1,598,0
1550708828,12395.9,220.6,8.41,53.6,598,0
1550721775,12396.3,214.7,7.5,30,598,0
1550711194,12489.2,223.8,8.21,50,598,0
1550711779,12504.6,211.9,7.67,10,598,0
1550713549,12520.65,223.1,10.53,80.3,598,0
1550715954,12543.1,218.5,9.49,79.9,598.6,0
1550722920,12582.4,219.1,9.59,80,598.6,0
1550726550,12672,225.25,9.18,79.9,598.6,0
1550733747,12765.3,227.65,10.79,80.1,598.6,0
1550730799,12765.5,221.4,8.14,49.9,598,0
1550739086,12784.5,230.3,11.85,80.1,598,0
1550739181,12793.85,208.85,13.27,80.2,598,0
1550741371,12857.3,217.4,6.86,10,598,0
1550740523,12857.3,219.3,8.12,30,598,0
1550746730,12874,228.7,11.44,80.4,598,0
1550748767,12949.8,229.05,9.09,79.9,598,0
1550751600,13043.1,229,9.06,79.9,598,0
1550755348,13071.9,236.75,13.27,79.5,348.9,0
1550755408,13078.2,234.5,10.92,80.3,348.9,6
1550756603,13093.5,228.6,9.92,79.9,598,0
1550759128,13136.1,238.4,9.93,79.9,598,0
1550763540,13229.7,235.05,9.81,79.9,597.3,0
1550766852,13241.8,250.95,12.78,79.7,597.6,0
1550766874,13242.7,237.9,11.5,80.3,597.3,0
1550766966,13255.6,212.4,16.3,80.7,597.3,0
1550767300,13262,233.8,10.4,80,597.3,0
1550769598,13314.9,245.9,11.65,79.8,597.3,0
1550771572,13409.5,239.7,11.55,79.7,597.3,0
1550771590,13410,239.4,9.02,80,597.3,0
1550773115,13499.1,237,8.59,30,597.3,0
1550773736,13502.4,242.9,9.31,79.9,597.6,0
1550775566,13595.2,240.5,4.32,19.5,512.7,0
1550776424,13596,244.9,9.53,79.9,597.3,0
1550779740,13626.8,242.3,11.23,80.2,597.3,0
1550781743,13687.7,247.4,10.03,80.1,597.3,0
1550783358,13713.4,244.55,9.22,79.9,597.3,0
1550785000,13776.7,244.2,10,80.1,597.3,0
1550788149,13868.3,249,9.47,80,597.3,0
1550792362,13958.8,251.5,9.56,80,597.3,0
1550791294,13959.2,246.1,1.06,26.3,107,0
1550792396,13959.3,250.3,9.39,80,598,0
1550794027,14052.6,244.45,9.43,30.2,597.3,0
1550794726,14053.5,237.75,10.07,79.6,598,0
1550796592,14117.5,252.5,9.56,79.9,598,0
1550797873,14152.9,253.6,9.6,80,597.3,0
1550801790,14246.8,247.7,12.14,79.7,598,0
1550805735,14270.1,252.05,11.44,79.9,597.3,0
1550808067,14288,247.5,10.89,80.3,597.3,6
1550808111,14291.75,231.6,11.2,80,597.3,6
1550810607,14342.3,248.3,9.68,80,598,0
1550810946,14351.4,247.3,9.21,80,597.3,0
1550813253,14436.3,260.1,12.22,80,598,0
1550813271,14436.5,250.3,9.05,79.9,598,0
1550815569,14531.3,240.2,9.66,80,598,0
1550821563,14552.1,239.6,6.83,29.8,493.8,0
1550821603,14554.7,215.5,3.95,29.8,493.8,6
1550823225,14562.1,250.05,11.61,80.2,598,0
1550826144,14623.6,239.05,7.26,29.8,598,0
1550825579,14625.2,247.6,10.67,79.9,598,0
1550826294,14631.9,217.65,3.7,29.8,597.7,0
1550829683,14636.3,247.9,4.56,24.8,598,0
1550826370,14636.9,221.3,4.56,29.8,598,0
1550829796,14641.2,220.3,3.94,24.8,598,6
1550832699,14661.7,251.35,11.55,80,597.3,0
1550834608,14719.3,245,11.01,80,598,0
1550835151,14731,242.8,4.37,24.8,598,0
1550839787,14740.2,260.2,12.32,80,597.3,0
1550841719,14814.25,250.1,10.39,79.9,598,0
1550844372,14906.8,240.7,8.65,79.7,596,0
1550845440,14908.3,246.3,10.19,80,598,0
1550847619,14998.7,247.3,9.15,30,597.3,0
1550848607,15002.1,245.6,10.01,80,598,0
1550853051,15039.9,279.2,13.91,79.7,596.7,0
1550855427,15096,248.1,9.4,79.9,598,0
1550855397,15096.6,243.85,11.78,80.1,598,0
1550855498,15100.2,218,14.89,79.9,597.3,0
1550857855,15192.9,248.55,1.85,17.6,206,0
1550859047,15193.6,247.2,9.76,80,597.3,0

Ream In Timestamp,Ream In Measured Depth,Ream In Hookload,Ream In Torque,rotary_rpm,mud_flow_in,string_velocity
1550466463,7786.05,210.7,6.48,59.9,535.3,6
1550466485,7787.9,210.95,6.48,59.9,535.3,6
1550466653,7793.5,188.6,8.14,59.9,535.3,0
1550582506,8957.7,215.5,8.14,80.4,598.6,12
1550587008,9050.6,216.2,7.44,80.3,598.6,18
1550587037,9055.3,221.05,6.83,80.2,598.6,0
1550590571,9161.5,217.65,6.05,79.9,348.9,12
1550599672,9417.2,215.5,7.55,80.1,598.6,15
1550624893,10164.5,215.4,9.43,80.4,598,6
1550646395,10732.7,214.1,10.81,80.3,598,0
1550656589,11021.8,220.75,8.3,79.6,598,0
1550656620,11024.25,212.6,9.69,80.3,597.6,6
1550668651,11372.95,195.2,2.61,14.9,598.6,0
1550668769,11380.3,204.65,3.67,14.9,598.6,0
1550672661,11400.8,209.2,10.04,80.3,598.6,12
1550672701,11407.4,213.2,9.4,80.4,598,0
1550673896,11455.5,210.1,6.76,30.1,598,0
1550677966,11495.8,207.15,9.57,80.2,598.6,18
1550678004,11503.1,208.05,9.42,80.2,598.6,12
1550689403,11879.8,208.5,9.53,80,598,18
1550689473,11887.85,206.65,9.33,80,598,18
1550698182,12147.85,209.7,10.82,80.3,598,18
1550698234,12159.9,210.2,10.65,80.3,598,12
1550699108,12209.55,206,9.25,79.9,598,30
1550699080,12210.2,204.3,8.88,79.9,598,36
1550707307,12342.3,215.2,8.98,79.9,598,12
1550721693,12383.1,217.6,8.55,30.3,598.6,0
1550721733,12390.4,205.45,8.8,30.1,598.6,12
1550713583,12523.1,219.4,9.55,80.2,598.6,6
1550713597,12524.45,219.3,9.71,80.3,598,6
1550716034,12554.6,215.1,8.95,80,598.6,12
1550739134,12789.6,223.4,13.01,79.5,598,6
1550746777,12878.65,226.5,11.7,80.5,598,6
1550746814,12883.5,214.55,13.65,80.5,598,6
1550755380,13074.5,232.7,11.86,80.1,348.9,12
1550755426,13081,232.6,11.06,80.3,348.9,12
1550756637,13095.8,229.4,10.27,79.9,598,6
1550757974,13127.7,231.4,10.22,79.9,348.9,12
1550766911,13249.2,230.2,13.32,80.6,597.3,12
1550768485,13315.4,233.7,1.06,26.8,351.5,0
1550779768,13627.9,243.75,10.64,80.6,596.6,0
1550779808,13634.6,238.3,11.7,80.3,596.6,12
1550783392,13715.9,240.6,9.96,80.1,597.3,12
1550786834,13867.2,252.05,2.87,15.3,356.1,0
1550790508,13909.6,239.8,12.72,80.3,597.3,18
1550805787,14272.8,246.6,12.9,80,597.3,0
1550806101,14278.9,242.5,10.04,80,597.7,12
1550821587,14553.35,225.9,3.66,29.8,493.8,6
1550821620,14555.8,216.35,3.96,29.8,493.8,6
1550821636,14557,216.6,5.03,29.7,493.8,6
1550821653,14558.05,216.6,3.5,29.7,493.8,6
1550821698,14559.2,212.95,3.75,29.7,493.8,0
1550823291,14563.45,246.45,11.15,80.2,598,0
1550823323,14566.7,241.7,12.45,80.4,598,12
1550823364,14570.2,223.1,16.07,80.3,597.3,0
1550826196,14626.2,221.4,4.57,29.8,597.3,6
1550826219,14627.6,220,4.29,29.8,597.3,6
1550826241,14628.6,222.5,4.33,29.7,598,0
1550826271,14630.6,218.3,4.27,29.8,598,0
1550829761,14638.9,220.2,4.08,24.8,597.3,6
1550829778,14640.1,218.1,4.4,24.8,598,6
1550829814,14642.45,220.6,4.27,24.8,598,6
1550829840,14644.2,220.5,4.13,24.8,598,6
1550829868,14645.95,215.35,3.8,24.8,598,6
1550829886,14646.8,220.5,3.76,24.8,598,0
1550829905,14647.7,220.15,4.04,24.8,598,3
1550832730,14665.25,244,12.53,80.2,598,12
1550839807,14740.6,248.9,13.16,80.4,597.3,0
1550839849,14747.85,241.15,12.81,80.3,597.3,18
1550853073,15040.2,247.95,12.14,80.2,597.3,0
1550853115,15047.3,239.9,13.79,80.2,597.3,12

Ream Out Timestamp,Ream Out Measured Depth,Ream Out Hookload,Ream Out Torque,rotary_rpm,mud_flow_in,string_velocity
1550470299,7824,209.25,5.85,59.9,551.8,0
1550470561,7829.8,205.3,5.78,60,592.7,0
1550578578,8908.7,215.6,6.26,40,547.2,39
1550692775,12022.3,207.8,7.18,30.1,598,0
1550699094,12209.4,222,9.09,80,598,54
1550716916,12582.2,221.45,8.02,29.9,299.3,0
1550750844,13039.3,226.8,8.23,30.2,598,0
1550752192,13059.6,229.85,10.6,80.1,597.7,24
1550788579,13889.8,252.9,10.14,80,597.3,30
1550793998,14053.8,244.8,9.61,30.1,597.3,0
1550806054,14281.3,250.5,10.9,80,597.3,18
1550854447,15096.2,240.2,2.91,37.8,574.9,0

Asset Id,company_id
5236,29